C:/Users/ADMIN/Desktop/Thay_Lam/CCCD/imgs/truoc\04nfrpkcx6i2ugh.jpg, 0.13600, 0.26533, 0.82667, 0.26400, 0.82933, 0.67067, 0.11467, 0.66133, 1 
C:/Users/ADMIN/Desktop/Thay_Lam/CCCD/imgs/truoc\059xhvepgmi1d24.jpg, 0.00533, 0.34267, 0.92533, 0.34533, 0.92933, 0.77867, 0.00267, 0.78000, 1 
C:/Users/ADMIN/Desktop/Thay_Lam/CCCD/imgs/truoc\0aihmxbj1qcz9f6.jpg, 0.15200, 0.36667, 0.76000, 0.37333, 0.76000, 0.65867, 0.14533, 0.66133, 1 
C:/Users/ADMIN/Desktop/Thay_Lam/CCCD/imgs/truoc\0c9hp2w5j3fqxki.jpg, 0.14133, 0.38267, 0.88267, 0.38133, 0.89867, 0.72667, 0.13867, 0.74533, 1 
C:/Users/ADMIN/Desktop/Thay_Lam/CCCD/imgs/truoc\0l3krnayj2fsge7.jpeg, 0.06800, 0.17333, 0.98133, 0.19867, 0.99467, 0.94933, 0.07733, 0.96267, 1 
C:/Users/ADMIN/Desktop/Thay_Lam/CCCD/imgs/truoc\0u2aodvp689bhyw.jpg, 0.04533, 0.22267, 0.99867, 0.21867, 0.99067, 0.67600, 0.05733, 0.66800, 1 
C:/Users/ADMIN/Desktop/Thay_Lam/CCCD/imgs/truoc\0ugo23s5pmxlez8.jpg, 0.00267, 0.10000, 0.98000, 0.07600, 0.98400, 0.88400, 0.02267, 0.92133, 1 
C:/Users/ADMIN/Desktop/Thay_Lam/CCCD/imgs/truoc\0ulm12w4g8ht5p9.jpg, 0.01867, 0.42667, 0.99867, 0.44133, 0.99867, 0.91067, 0.01467, 0.91600, 1 
C:/Users/ADMIN/Desktop/Thay_Lam/CCCD/imgs/truoc\0vlsq63npjucwzm.jpeg, 0.03733, 0.29200, 0.92533, 0.30267, 0.93600, 0.73467, 0.03467, 0.73600, 1 
C:/Users/ADMIN/Desktop/Thay_Lam/CCCD/imgs/truoc\1iayldgpe02fj7w.jpg, 0.01467, 0.25467, 0.99067, 0.24267, 0.99867, 0.71867, 0.01600, 0.72667, 1 
C:/Users/ADMIN/Desktop/Thay_Lam/CCCD/imgs/truoc\27wiomjpdbqegk4.jpg, 0.22667, 0.06400, 0.93467, 0.11333, 0.96133, 0.71333, 0.17733, 0.68267, 1 
C:/Users/ADMIN/Desktop/Thay_Lam/CCCD/imgs/truoc\2arf4x5nj8tvl30.jpg, 0.00933, 0.14133, 0.96267, 0.14533, 0.98267, 0.96267, 0.00000, 0.95867, 1 
C:/Users/ADMIN/Desktop/Thay_Lam/CCCD/imgs/truoc\2facgq8bo1i3dn6.jpg, 0.16133, 0.27867, 0.88267, 0.28800, 0.87733, 0.90400, 0.15200, 0.86933, 1 
C:/Users/ADMIN/Desktop/Thay_Lam/CCCD/imgs/truoc\2fivp780so9mglj.jpg, 0.19467, 0.30267, 0.95067, 0.26533, 0.96400, 0.90667, 0.20533, 0.92533, 1 
C:/Users/ADMIN/Desktop/Thay_Lam/CCCD/imgs/truoc\2lqgibna58ch6sz.jpg, 0.00133, 0.19067, 0.99867, 0.18533, 0.99867, 0.67467, 0.00000, 0.66667, 1 
C:/Users/ADMIN/Desktop/Thay_Lam/CCCD/imgs/truoc\2tzodm3fvhnb9ay.jpg, 0.15600, 0.37067, 0.85333, 0.37600, 0.85733, 0.71467, 0.13467, 0.70267, 1 
C:/Users/ADMIN/Desktop/Thay_Lam/CCCD/imgs/truoc\2ujegcf54lzmit7.jpeg, 0.02933, 0.14400, 0.97733, 0.14800, 0.98400, 0.95067, 0.03333, 0.94000, 1 
C:/Users/ADMIN/Desktop/Thay_Lam/CCCD/imgs/truoc\30pnsobekm8lu6t.jpg, 0.02933, 0.10667, 0.97600, 0.15200, 0.98533, 0.93600, 0.00400, 0.93467, 1 
C:/Users/ADMIN/Desktop/Thay_Lam/CCCD/imgs/truoc\37wmlyv0fujgin8.jpg, 0.18800, 0.36133, 0.75733, 0.35867, 0.79467, 0.62267, 0.17867, 0.64400, 1 
C:/Users/ADMIN/Desktop/Thay_Lam/CCCD/imgs/truoc\3gns1o05dme92vq.jpg, 0.09200, 0.35467, 0.89600, 0.34533, 0.88800, 0.72400, 0.09600, 0.72400, 1 
C:/Users/ADMIN/Desktop/Thay_Lam/CCCD/imgs/truoc\3mfrxjodib1lg8q.jpeg, 0.04667, 0.05333, 0.90267, 0.09733, 0.87867, 0.95333, 0.04000, 0.93600, 1 
C:/Users/ADMIN/Desktop/Thay_Lam/CCCD/imgs/truoc\3p9stlchnmfe6x1.jpg, 0.07733, 0.46267, 0.96267, 0.47600, 0.93867, 0.88133, 0.08000, 0.86933, 1 
C:/Users/ADMIN/Desktop/Thay_Lam/CCCD/imgs/truoc\3qp4b186rv9algk.jpg, 0.02400, 0.10400, 0.95467, 0.10933, 0.95867, 0.89067, 0.01067, 0.89333, 1 
C:/Users/ADMIN/Desktop/Thay_Lam/CCCD/imgs/truoc\3qsycvftalg5mn1.jpg, 0.04267, 0.09467, 0.99200, 0.10533, 0.98933, 0.90000, 0.04133, 0.92800, 1 
C:/Users/ADMIN/Desktop/Thay_Lam/CCCD/imgs/truoc\3w1zek8s06lqry9.jpeg, 0.03867, 0.13733, 0.99467, 0.09200, 0.98533, 0.89200, 0.07067, 0.90267, 1 
C:/Users/ADMIN/Desktop/Thay_Lam/CCCD/imgs/truoc\3x0gcf9ylsmv6ou.jpg, 0.04000, 0.16933, 0.91733, 0.17467, 0.95600, 0.90533, 0.03200, 0.96400, 1 
C:/Users/ADMIN/Desktop/Thay_Lam/CCCD/imgs/truoc\3yt9rk7egc4pdx5.jpeg, 0.07600, 0.16667, 0.95467, 0.18800, 0.95867, 0.92800, 0.04800, 0.92000, 1 
C:/Users/ADMIN/Desktop/Thay_Lam/CCCD/imgs/truoc\413w8gto65ul7p2.jpg, 0.04000, 0.34933, 0.93067, 0.34400, 0.94667, 0.77200, 0.01467, 0.76667, 1 
C:/Users/ADMIN/Desktop/Thay_Lam/CCCD/imgs/truoc\4gr2jdnxuiv513s.jpg, 0.00133, 0.34000, 0.97333, 0.31733, 0.97600, 0.77600, 0.02533, 0.79600, 1 
C:/Users/ADMIN/Desktop/Thay_Lam/CCCD/imgs/truoc\4l0dmnsxz2v5bjf.jpeg, 0.03467, 0.00400, 0.97733, 0.05733, 0.98400, 0.93733, 0.01867, 0.98000, 1 
C:/Users/ADMIN/Desktop/Thay_Lam/CCCD/imgs/truoc\4mzstipr2nl1oj6.jpg, 0.04533, 0.23067, 0.87467, 0.24267, 0.86000, 0.62533, 0.05200, 0.61867, 1 
C:/Users/ADMIN/Desktop/Thay_Lam/CCCD/imgs/truoc\528qbajlgw4kpue.jpeg, 0.00933, 0.25333, 0.99600, 0.23867, 0.99467, 0.71067, 0.01200, 0.71467, 1 
C:/Users/ADMIN/Desktop/Thay_Lam/CCCD/imgs/truoc\52ufqrjschde3wb.jpeg, 0.02933, 0.32800, 0.87333, 0.32400, 0.87867, 0.62133, 0.04000, 0.63200, 1 
C:/Users/ADMIN/Desktop/Thay_Lam/CCCD/imgs/truoc\52ufqrjschde3wb.jpg, 0.00533, 0.06933, 0.99733, 0.08533, 0.99733, 0.94667, 0.00000, 0.92133, 1 
C:/Users/ADMIN/Desktop/Thay_Lam/CCCD/imgs/truoc\549tp8oa2meuzdj.jpeg, 0.15200, 0.20667, 0.87600, 0.22133, 0.89867, 0.84800, 0.12533, 0.84400, 1 
C:/Users/ADMIN/Desktop/Thay_Lam/CCCD/imgs/truoc\59ows7fck8a6hir.jpg, 0.07733, 0.39200, 0.92400, 0.39733, 0.96800, 0.84133, 0.03200, 0.82800, 1 
C:/Users/ADMIN/Desktop/Thay_Lam/CCCD/imgs/truoc\5b2ojaqmnwckxyp.jpg, 0.20133, 0.14133, 0.80000, 0.14933, 0.80267, 0.83867, 0.19600, 0.86667, 1 
C:/Users/ADMIN/Desktop/Thay_Lam/CCCD/imgs/truoc\5kjgb81q4pod7em.jpeg, 0.08000, 0.03067, 0.91867, 0.05333, 0.90933, 0.98533, 0.06400, 0.98400, 1 
C:/Users/ADMIN/Desktop/Thay_Lam/CCCD/imgs/truoc\5nwpfl1cjryiseo.jpg, 0.08800, 0.48000, 0.86667, 0.43067, 0.93067, 0.84667, 0.07333, 0.87333, 1 
C:/Users/ADMIN/Desktop/Thay_Lam/CCCD/imgs/truoc\5pq1vg23o0nwkzt.jpeg, 0.05733, 0.30667, 0.96533, 0.32800, 0.97600, 0.75600, 0.02800, 0.76133, 1 
C:/Users/ADMIN/Desktop/Thay_Lam/CCCD/imgs/truoc\5w2jokbd06gyehn.jpeg, 0.19467, 0.24800, 0.90533, 0.22400, 0.92000, 0.81200, 0.20267, 0.87200, 1 
C:/Users/ADMIN/Desktop/Thay_Lam/CCCD/imgs/truoc\5wq2r6vobcts73a.jpg, 0.19733, 0.35733, 0.85067, 0.35067, 0.85733, 0.66400, 0.19467, 0.66533, 1 
C:/Users/ADMIN/Desktop/Thay_Lam/CCCD/imgs/truoc\5zkignwmd7cbuyh.jpg, 0.04933, 0.08133, 0.94933, 0.10800, 0.97200, 0.86267, 0.01467, 0.86400, 1 
C:/Users/ADMIN/Desktop/Thay_Lam/CCCD/imgs/truoc\62wbfhyexuir7qv.jpg, 0.17867, 0.42533, 0.80267, 0.43067, 0.82400, 0.73067, 0.15733, 0.73467, 1 
C:/Users/ADMIN/Desktop/Thay_Lam/CCCD/imgs/truoc\632kgzvon94l5up.jpg, 0.16800, 0.16400, 0.89733, 0.19067, 0.89333, 0.79867, 0.16133, 0.78800, 1 
C:/Users/ADMIN/Desktop/Thay_Lam/CCCD/imgs/truoc\64wi1optnexagjy.jpg, 0.08133, 0.26533, 0.92667, 0.28133, 0.94133, 0.59467, 0.04133, 0.58533, 1 
C:/Users/ADMIN/Desktop/Thay_Lam/CCCD/imgs/truoc\6ams8yu35q7hwk4.jpeg, 0.05733, 0.30667, 0.93067, 0.29067, 0.94933, 0.70800, 0.05333, 0.71467, 1 
C:/Users/ADMIN/Desktop/Thay_Lam/CCCD/imgs/truoc\6g8hflcmtopnwk4.jpg, 0.08400, 0.29067, 0.87733, 0.28933, 0.87733, 0.79200, 0.08133, 0.78800, 1 
C:/Users/ADMIN/Desktop/Thay_Lam/CCCD/imgs/truoc\6ibkn5otmqc1z3a.jpg, 0.09467, 0.29067, 0.81467, 0.30133, 0.80800, 0.64533, 0.08533, 0.62800, 1 
C:/Users/ADMIN/Desktop/Thay_Lam/CCCD/imgs/truoc\6py2t1zn9ra8uqw.jpeg, 0.05600, 0.24933, 0.96267, 0.20400, 0.99867, 0.64533, 0.08667, 0.69067, 1 
C:/Users/ADMIN/Desktop/Thay_Lam/CCCD/imgs/truoc\6tsem89xnozdp7c.jpg, 0.02667, 0.29467, 0.92667, 0.28000, 0.95467, 0.73733, 0.00133, 0.74533, 1 
C:/Users/ADMIN/Desktop/Thay_Lam/CCCD/imgs/truoc\6u1pwox34tijnem.jpg, 0.11467, 0.16133, 0.94133, 0.20133, 0.96267, 0.90533, 0.07333, 0.89600, 1 
C:/Users/ADMIN/Desktop/Thay_Lam/CCCD/imgs/truoc\6xoybcwzuagfte1.jpeg, 0.09200, 0.12800, 0.95867, 0.16267, 0.94267, 0.91867, 0.03733, 0.84267, 1 
C:/Users/ADMIN/Desktop/Thay_Lam/CCCD/imgs/truoc\79ids8yoe62k4tv.jpg, 0.13467, 0.45200, 0.81600, 0.44667, 0.82933, 0.77867, 0.12933, 0.78267, 1 
C:/Users/ADMIN/Desktop/Thay_Lam/CCCD/imgs/truoc\7azx6r520po8ehq.jpeg, 0.15467, 0.41467, 0.76400, 0.42667, 0.79867, 0.71867, 0.09733, 0.71200, 1 
C:/Users/ADMIN/Desktop/Thay_Lam/CCCD/imgs/truoc\7cg3bhqpvt5yf1u.jpg, 0.14933, 0.38400, 0.84800, 0.40133, 0.84533, 0.73333, 0.13067, 0.72400, 1 
C:/Users/ADMIN/Desktop/Thay_Lam/CCCD/imgs/truoc\7lphima4xkvgyjf.jpg, 0.21467, 0.14267, 0.77733, 0.08933, 0.80800, 0.84000, 0.20800, 0.87867, 1 
C:/Users/ADMIN/Desktop/Thay_Lam/CCCD/imgs/truoc\7pbqe9has2jkvz4.jpeg, 0.04267, 0.06933, 0.95733, 0.08267, 0.99733, 0.87200, 0.00133, 0.87200, 1 
C:/Users/ADMIN/Desktop/Thay_Lam/CCCD/imgs/truoc\7q6ebyz9dkj4scg.jpg, 0.12533, 0.06933, 0.90933, 0.12267, 0.92133, 0.77733, 0.10133, 0.76667, 1 
C:/Users/ADMIN/Desktop/Thay_Lam/CCCD/imgs/truoc\7ue2ytisofdrgch.jpeg, 0.01467, 0.03600, 0.99067, 0.03867, 0.99200, 0.97200, 0.00667, 0.97467, 1 
C:/Users/ADMIN/Desktop/Thay_Lam/CCCD/imgs/truoc\7ziwd0qcfl6h3tu.jpeg, 0.00533, 0.04400, 0.97600, 0.04533, 0.97867, 0.93200, 0.01333, 0.95333, 1 
C:/Users/ADMIN/Desktop/Thay_Lam/CCCD/imgs/truoc\8kehrtivlx5302m.jpg, 0.09200, 0.34667, 0.99600, 0.35733, 0.99733, 0.79867, 0.06667, 0.79067, 1 
C:/Users/ADMIN/Desktop/Thay_Lam/CCCD/imgs/truoc\8qr7kgv3altwzp4.jpg, 0.09333, 0.24933, 0.88400, 0.26267, 0.89467, 0.92133, 0.08533, 0.93200, 1 
C:/Users/ADMIN/Desktop/Thay_Lam/CCCD/imgs/truoc\8uof0xgas4ychk2.jpeg, 0.07200, 0.04800, 0.88533, 0.04533, 0.87867, 0.94800, 0.06800, 0.95067, 1 
C:/Users/ADMIN/Desktop/Thay_Lam/CCCD/imgs/truoc\94nksjtrxo5diac.jpeg, 0.02933, 0.17067, 0.90133, 0.20000, 0.90800, 0.92800, 0.04133, 0.92000, 1 
C:/Users/ADMIN/Desktop/Thay_Lam/CCCD/imgs/truoc\94nq0zaydmjilfh.jpeg, 0.03467, 0.28533, 0.88400, 0.28000, 0.91733, 0.67600, 0.03467, 0.70267, 1 
C:/Users/ADMIN/Desktop/Thay_Lam/CCCD/imgs/truoc\96t8xhqk5ovnsgb.jpeg, 0.03200, 0.08667, 0.95067, 0.12667, 0.96133, 0.90267, 0.00133, 0.91467, 1 
C:/Users/ADMIN/Desktop/Thay_Lam/CCCD/imgs/truoc\9bcgdxzhtk6avme.jpeg, 0.08667, 0.39467, 0.89067, 0.41333, 0.87200, 0.79200, 0.07600, 0.77067, 1 
C:/Users/ADMIN/Desktop/Thay_Lam/CCCD/imgs/truoc\9f38evmc5n71wjp.jpg, 0.09333, 0.24667, 0.87200, 0.24533, 0.87733, 0.61333, 0.09067, 0.61600, 1 
C:/Users/ADMIN/Desktop/Thay_Lam/CCCD/imgs/truoc\9fwyez7rhuqia12.jpg, 0.02267, 0.08933, 0.97333, 0.04800, 0.99867, 0.89600, 0.00933, 0.88133, 1 
C:/Users/ADMIN/Desktop/Thay_Lam/CCCD/imgs/truoc\9gec26soqah0m8z.jpeg, 0.09333, 0.03067, 0.90933, 0.06800, 0.94133, 0.95600, 0.05467, 0.96400, 1 
C:/Users/ADMIN/Desktop/Thay_Lam/CCCD/imgs/truoc\9imtlu5q4vkxw1f.jpg, 0.09200, 0.18667, 0.82000, 0.21467, 0.84000, 0.84533, 0.05867, 0.84133, 1 
C:/Users/ADMIN/Desktop/Thay_Lam/CCCD/imgs/truoc\9o4pgzcjrnm8ats.jpg, 0.02400, 0.25467, 0.98000, 0.24133, 0.99867, 0.70267, 0.00267, 0.71200, 1 
C:/Users/ADMIN/Desktop/Thay_Lam/CCCD/imgs/truoc\9s7y05nt63kmubp.jpeg, 0.00267, 0.39200, 0.98667, 0.39333, 0.98933, 0.76133, 0.00133, 0.77600, 1 
C:/Users/ADMIN/Desktop/Thay_Lam/CCCD/imgs/truoc\9wsl2zvuko084he.jpg, 0.12533, 0.19067, 0.94533, 0.19200, 0.94667, 0.88267, 0.11867, 0.88400, 1 
C:/Users/ADMIN/Desktop/Thay_Lam/CCCD/imgs/truoc\a0ukmwb25g16jte.png, 0.02000, 0.00400, 0.95200, 0.04667, 0.94933, 0.98000, 0.00000, 0.94000, 1 
C:/Users/ADMIN/Desktop/Thay_Lam/CCCD/imgs/truoc\a6i94ujhgbpt2rw.jpeg, 0.10533, 0.35067, 0.88267, 0.34533, 0.87200, 0.70000, 0.13067, 0.70267, 1 
C:/Users/ADMIN/Desktop/Thay_Lam/CCCD/imgs/truoc\a6i94ujhgbpt2rw.jpg, 0.08800, 0.34667, 0.92000, 0.34400, 0.93067, 0.74000, 0.08400, 0.74400, 1 
C:/Users/ADMIN/Desktop/Thay_Lam/CCCD/imgs/truoc\a95ujkcvbsl4gtq.jpeg, 0.04133, 0.29467, 0.82133, 0.30400, 0.84000, 0.78667, 0.04000, 0.80533, 1 
C:/Users/ADMIN/Desktop/Thay_Lam/CCCD/imgs/truoc\a9gt7dnbs26wrjf.jpg, 0.01867, 0.28267, 0.97333, 0.28667, 0.96800, 0.72267, 0.02933, 0.73333, 1 
C:/Users/ADMIN/Desktop/Thay_Lam/CCCD/imgs/truoc\ab.jpg, 0.06133, 0.24533, 0.85067, 0.25733, 0.85067, 0.92133, 0.04267, 0.92133, 1 
C:/Users/ADMIN/Desktop/Thay_Lam/CCCD/imgs/truoc\agw438dy5besqxz.jpg, 0.17200, 0.12000, 0.77200, 0.12667, 0.78533, 0.87467, 0.16800, 0.91600, 1 
C:/Users/ADMIN/Desktop/Thay_Lam/CCCD/imgs/truoc\aj4ope51ighndbu.jpeg, 0.00267, 0.02800, 0.87067, 0.00400, 0.90400, 0.73333, 0.00400, 0.77733, 1 
C:/Users/ADMIN/Desktop/Thay_Lam/CCCD/imgs/truoc\aj9kmdfxqzu8576.jpg, 0.15867, 0.37067, 0.77600, 0.35867, 0.78667, 0.65200, 0.16667, 0.66533, 1 
C:/Users/ADMIN/Desktop/Thay_Lam/CCCD/imgs/truoc\aurqiy2wtkmp936.jpeg, 0.02000, 0.01733, 0.98000, 0.02000, 0.99067, 0.99600, 0.00267, 0.98400, 1 
C:/Users/ADMIN/Desktop/Thay_Lam/CCCD/imgs/truoc\b1rgd5zq4cujyf0.jpg, 0.10800, 0.24000, 0.84933, 0.19467, 0.94133, 0.82400, 0.08800, 0.92000, 1 
C:/Users/ADMIN/Desktop/Thay_Lam/CCCD/imgs/truoc\bcs1vjdr5kpwito.jpg, 0.01600, 0.13200, 0.98400, 0.12667, 0.98133, 0.92667, 0.02267, 0.94267, 1 
C:/Users/ADMIN/Desktop/Thay_Lam/CCCD/imgs/truoc\bjk0gshcm7a5qzp.jpeg, 0.06667, 0.19067, 0.92133, 0.18000, 0.94800, 0.90267, 0.05733, 0.93200, 1 
C:/Users/ADMIN/Desktop/Thay_Lam/CCCD/imgs/truoc\bkz95gtrufws7om.jpg, 0.06933, 0.26400, 0.92267, 0.26000, 0.93200, 0.65067, 0.08267, 0.67200, 1 
C:/Users/ADMIN/Desktop/Thay_Lam/CCCD/imgs/truoc\bl8503y6fw4hja7.jpeg, 0.11733, 0.20667, 0.89867, 0.20933, 0.94133, 0.88933, 0.07200, 0.86933, 1 
C:/Users/ADMIN/Desktop/Thay_Lam/CCCD/imgs/truoc\bmplzd8twhecsuk.jpg, 0.08667, 0.04800, 0.95733, 0.09467, 0.99867, 0.83067, 0.02933, 0.86133, 1 
C:/Users/ADMIN/Desktop/Thay_Lam/CCCD/imgs/truoc\bt4ygciv5rmw9qe.jpg, 0.02400, 0.00533, 0.98800, 0.01467, 0.99067, 0.96133, 0.00800, 0.97200, 1 
C:/Users/ADMIN/Desktop/Thay_Lam/CCCD/imgs/truoc\btzmkpxluica849.jpg, 0.01733, 0.01467, 0.98133, 0.00800, 0.99733, 0.81867, 0.00800, 0.83600, 1 
C:/Users/ADMIN/Desktop/Thay_Lam/CCCD/imgs/truoc\bxcqe1tnygfvaz8.jpeg, 0.01867, 0.25867, 0.98800, 0.26133, 0.99467, 0.87067, 0.01867, 0.87733, 1 
C:/Users/ADMIN/Desktop/Thay_Lam/CCCD/imgs/truoc\c1e7a9zkrpd4oh6.jpg, 0.08267, 0.16133, 0.82667, 0.14533, 0.82667, 0.77200, 0.10267, 0.78800, 1 
C:/Users/ADMIN/Desktop/Thay_Lam/CCCD/imgs/truoc\ck1w9ysi4ealzhd.jpg, 0.02267, 0.33467, 0.97867, 0.33733, 0.98133, 0.67600, 0.01333, 0.67733, 1 
C:/Users/ADMIN/Desktop/Thay_Lam/CCCD/imgs/truoc\cl8dpr23hzxfeyw.jpg, 0.01467, 0.07467, 0.98933, 0.06267, 0.95867, 0.86000, 0.02533, 0.86400, 1 
C:/Users/ADMIN/Desktop/Thay_Lam/CCCD/imgs/truoc\cmbzjg18a6hqrfp.jpg, 0.03467, 0.10267, 0.98667, 0.13333, 0.96400, 0.72000, 0.02533, 0.69600, 1 
C:/Users/ADMIN/Desktop/Thay_Lam/CCCD/imgs/truoc\cq6ab3z40mrhlj2.jpg, 0.07200, 0.35200, 0.83467, 0.35733, 0.84533, 0.71600, 0.06000, 0.72400, 1 
C:/Users/ADMIN/Desktop/Thay_Lam/CCCD/imgs/truoc\crtbmfkn7a24zwi.jpeg, 0.01200, 0.24400, 0.99200, 0.24133, 0.98667, 0.70000, 0.02133, 0.70000, 1 
C:/Users/ADMIN/Desktop/Thay_Lam/CCCD/imgs/truoc\cs0woy91e37nb5r.jpg, 0.09467, 0.20267, 0.90533, 0.20267, 0.92000, 0.59467, 0.06400, 0.59333, 1 
C:/Users/ADMIN/Desktop/Thay_Lam/CCCD/imgs/truoc\cuvyd8p413ws269.jpg, 0.06933, 0.24267, 0.93600, 0.22400, 0.93733, 0.77333, 0.06667, 0.78400, 1 
C:/Users/ADMIN/Desktop/Thay_Lam/CCCD/imgs/truoc\cxwiyluh38jk59n.jpg, 0.13067, 0.40533, 0.92000, 0.40800, 0.91467, 0.77733, 0.13067, 0.77733, 1 
C:/Users/ADMIN/Desktop/Thay_Lam/CCCD/imgs/truoc\cze9am4i6nrjf3b.jpg, 0.00133, 0.21733, 0.97467, 0.22000, 0.97733, 0.66000, 0.01733, 0.69200, 1 
C:/Users/ADMIN/Desktop/Thay_Lam/CCCD/imgs/truoc\d103biaqwg5y9f7.jpg, 0.03333, 0.08933, 0.97200, 0.08933, 0.99467, 0.88533, 0.01733, 0.89467, 1 
C:/Users/ADMIN/Desktop/Thay_Lam/CCCD/imgs/truoc\d12uj7o85z06fla.jpg, 0.00133, 0.16533, 0.96933, 0.15867, 0.97333, 0.63867, 0.00267, 0.64933, 1 
C:/Users/ADMIN/Desktop/Thay_Lam/CCCD/imgs/truoc\d1uymehkbol0ia7.jpg, 0.02933, 0.02667, 0.94267, 0.08000, 0.99733, 0.86133, 0.00000, 0.87467, 1 
C:/Users/ADMIN/Desktop/Thay_Lam/CCCD/imgs/truoc\d3aoblhmue7qct9.jpeg, 0.00133, 0.34800, 0.97333, 0.34267, 0.97333, 0.80000, 0.00133, 0.81867, 1 
C:/Users/ADMIN/Desktop/Thay_Lam/CCCD/imgs/truoc\dmvs7wa4inrejx1.jpeg, 0.12933, 0.24933, 0.93867, 0.26667, 0.95067, 0.94000, 0.11867, 0.95333, 1 
C:/Users/ADMIN/Desktop/Thay_Lam/CCCD/imgs/truoc\dpva019okcez5tm.jpg, 0.06267, 0.01067, 0.99467, 0.07333, 0.95600, 0.97333, 0.04000, 0.90267, 1 
C:/Users/ADMIN/Desktop/Thay_Lam/CCCD/imgs/truoc\dv4miju9n2trywl.jpg, 0.16400, 0.24000, 0.79733, 0.24800, 0.79867, 0.78267, 0.16267, 0.79333, 1 
C:/Users/ADMIN/Desktop/Thay_Lam/CCCD/imgs/truoc\dxabhkcy1fztwj9.jpg, 0.09333, 0.04800, 0.94800, 0.06933, 0.95067, 0.94133, 0.07600, 0.93600, 1 
C:/Users/ADMIN/Desktop/Thay_Lam/CCCD/imgs/truoc\e.jpg, 0.02133, 0.14800, 0.95200, 0.11867, 0.97333, 0.90667, 0.01867, 0.93867, 1 
C:/Users/ADMIN/Desktop/Thay_Lam/CCCD/imgs/truoc\e7yjzoda5t86q4x.jpg, 0.13867, 0.29733, 0.85333, 0.31867, 0.82400, 0.67333, 0.11467, 0.64267, 1 
C:/Users/ADMIN/Desktop/Thay_Lam/CCCD/imgs/truoc\ecsbg5ih82u9tfl.jpg, 0.09333, 0.32800, 0.87333, 0.33600, 0.88000, 0.61600, 0.08000, 0.62267, 1 
C:/Users/ADMIN/Desktop/Thay_Lam/CCCD/imgs/truoc\efbvupzh8qm9c7t.jpeg, 0.07467, 0.12267, 0.87600, 0.10000, 0.93467, 0.88133, 0.05733, 0.91200, 1 
C:/Users/ADMIN/Desktop/Thay_Lam/CCCD/imgs/truoc\ehd7s4ri2o1mz3c.jpeg, 0.02400, 0.06267, 0.98400, 0.07333, 0.99867, 0.86800, 0.01467, 0.91067, 1 
C:/Users/ADMIN/Desktop/Thay_Lam/CCCD/imgs/truoc\ekojirl6mcvh8ys.jpg, 0.24800, 0.35067, 0.72000, 0.35067, 0.73467, 0.75200, 0.23600, 0.76667, 1 
C:/Users/ADMIN/Desktop/Thay_Lam/CCCD/imgs/truoc\el9by41vcj2zxms.jpeg, 0.09200, 0.36267, 0.88800, 0.34533, 0.88667, 0.72400, 0.10533, 0.73200, 1 
C:/Users/ADMIN/Desktop/Thay_Lam/CCCD/imgs/truoc\eshk6wq92dpmgiy.jpg, 0.26933, 0.25467, 0.95600, 0.29733, 0.96400, 0.87867, 0.23867, 0.88800, 1 
C:/Users/ADMIN/Desktop/Thay_Lam/CCCD/imgs/truoc\evpmzorx64a1kd3.jpg, 0.02400, 0.37867, 0.96267, 0.35600, 0.98533, 0.81867, 0.01867, 0.82533, 1 
C:/Users/ADMIN/Desktop/Thay_Lam/CCCD/imgs/truoc\eyxvjkucf6bsn50.jpg, 0.08133, 0.29067, 0.80933, 0.28400, 0.82133, 0.62933, 0.08933, 0.63867, 1 
C:/Users/ADMIN/Desktop/Thay_Lam/CCCD/imgs/truoc\f03wkebgrlzxnt8.jpeg, 0.09600, 0.14533, 0.92000, 0.10267, 0.93867, 0.84000, 0.08800, 0.85733, 1 
C:/Users/ADMIN/Desktop/Thay_Lam/CCCD/imgs/truoc\f257hwlj9zcrvi8.jpg, 0.12933, 0.02000, 0.97067, 0.11333, 0.97467, 0.96667, 0.06800, 0.90000, 1 
C:/Users/ADMIN/Desktop/Thay_Lam/CCCD/imgs/truoc\f6hotu7c4db0gvz.jpeg, 0.23600, 0.45067, 0.71200, 0.45733, 0.71467, 0.85733, 0.23200, 0.85733, 1 
C:/Users/ADMIN/Desktop/Thay_Lam/CCCD/imgs/truoc\fj6kmac07xs1i53.jpg, 0.13733, 0.29733, 0.85067, 0.31867, 0.82400, 0.67200, 0.11067, 0.63867, 1 
C:/Users/ADMIN/Desktop/Thay_Lam/CCCD/imgs/truoc\fled7krbmoyuqz3.jpg, 0.07333, 0.36667, 0.94267, 0.36400, 0.97200, 0.75200, 0.09467, 0.83067, 1 
C:/Users/ADMIN/Desktop/Thay_Lam/CCCD/imgs/truoc\fngweu4ko8p6l59.jpg, 0.08800, 0.15067, 0.92533, 0.17333, 0.94667, 0.88933, 0.05467, 0.87867, 1 
C:/Users/ADMIN/Desktop/Thay_Lam/CCCD/imgs/truoc\fsl0mtew4apuoic.jpeg, 0.05467, 0.09200, 0.94267, 0.09733, 0.96400, 0.91200, 0.03867, 0.92533, 1 
C:/Users/ADMIN/Desktop/Thay_Lam/CCCD/imgs/truoc\g0ft3hi6cxwbemr.jpg, 0.03467, 0.13200, 0.97467, 0.12667, 0.99600, 0.92267, 0.00933, 0.94800, 1 
C:/Users/ADMIN/Desktop/Thay_Lam/CCCD/imgs/truoc\g1bm5w7hcrs2l4a.jpg, 0.04800, 0.10533, 0.89333, 0.08933, 0.91067, 0.79867, 0.04933, 0.82133, 1 
C:/Users/ADMIN/Desktop/Thay_Lam/CCCD/imgs/truoc\gf4xiyecduvz0kh.jpg, 0.00400, 0.01733, 0.99333, 0.00933, 0.99467, 0.99867, 0.00267, 0.98933, 1 
C:/Users/ADMIN/Desktop/Thay_Lam/CCCD/imgs/truoc\gfhi4an39lbukxw.jpeg, 0.00000, 0.01867, 0.96533, 0.00400, 0.96267, 0.99600, 0.00267, 0.97733, 1 
C:/Users/ADMIN/Desktop/Thay_Lam/CCCD/imgs/truoc\gjfdu983p2xba06.jpg, 0.02533, 0.28533, 0.97467, 0.28667, 0.97467, 0.56400, 0.02400, 0.56533, 1 
C:/Users/ADMIN/Desktop/Thay_Lam/CCCD/imgs/truoc\gmz8jxv5iybkp31.jpg, 0.10267, 0.35600, 0.90000, 0.35067, 0.93467, 0.64000, 0.08133, 0.64933, 1 
C:/Users/ADMIN/Desktop/Thay_Lam/CCCD/imgs/truoc\gqk78cjfvemwzbo.jpg, 0.00267, 0.26667, 0.99467, 0.27600, 0.99600, 0.57333, 0.00267, 0.58133, 1 
C:/Users/ADMIN/Desktop/Thay_Lam/CCCD/imgs/truoc\gyuita4shol67zx.jpg, 0.02800, 0.04133, 0.97200, 0.02000, 0.98933, 0.98400, 0.02533, 0.97467, 1 
C:/Users/ADMIN/Desktop/Thay_Lam/CCCD/imgs/truoc\h08clq5wjnzuxdp.jpg, 0.22933, 0.32533, 0.74000, 0.32533, 0.74533, 0.57067, 0.21600, 0.56400, 1 
C:/Users/ADMIN/Desktop/Thay_Lam/CCCD/imgs/truoc\h1vl0myxts83efo.jpeg, 0.06933, 0.23467, 0.97200, 0.23200, 0.96400, 0.66000, 0.07600, 0.65333, 1 
C:/Users/ADMIN/Desktop/Thay_Lam/CCCD/imgs/truoc\h7lp24k3ya5dirm.jpg, 0.00267, 0.25200, 0.99733, 0.25200, 0.99733, 0.75733, 0.00267, 0.75600, 1 
C:/Users/ADMIN/Desktop/Thay_Lam/CCCD/imgs/truoc\hd7f1z8oc2x6ayu.jpg, 0.00267, 0.29867, 0.98933, 0.26667, 0.97467, 0.72800, 0.03733, 0.74267, 1 
C:/Users/ADMIN/Desktop/Thay_Lam/CCCD/imgs/truoc\hiyj75q0w2dr893.jpg, 0.00267, 0.02533, 0.97600, 0.02800, 0.98800, 0.96667, 0.00267, 0.96400, 1 
C:/Users/ADMIN/Desktop/Thay_Lam/CCCD/imgs/truoc\hn50ivbu8foe3qj.jpg, 0.11200, 0.05600, 0.96667, 0.06400, 0.96800, 0.77333, 0.11600, 0.78933, 1 
C:/Users/ADMIN/Desktop/Thay_Lam/CCCD/imgs/truoc\hnizeg2y1rcmjsl.jpg, 0.16933, 0.37467, 0.75333, 0.37067, 0.75333, 0.64667, 0.17867, 0.64533, 1 
C:/Users/ADMIN/Desktop/Thay_Lam/CCCD/imgs/truoc\huemqrswbvz0po6.jpg, 0.04533, 0.12800, 0.97200, 0.14400, 0.97600, 0.90133, 0.04000, 0.94667, 1 
C:/Users/ADMIN/Desktop/Thay_Lam/CCCD/imgs/truoc\hy3ac60dgoplb47.jpeg, 0.05867, 0.18267, 0.89600, 0.22800, 0.88000, 0.90000, 0.05600, 0.91600, 1 
C:/Users/ADMIN/Desktop/Thay_Lam/CCCD/imgs/truoc\IMG_E4146.JPG, 0.06933, 0.19067, 0.95333, 0.20133, 0.95467, 0.92533, 0.06000, 0.92667, 1 
C:/Users/ADMIN/Desktop/Thay_Lam/CCCD/imgs/truoc\ipc1gdmx6uzt8vo.jpeg, 0.00000, 0.16667, 0.91867, 0.21467, 0.90133, 0.96533, 0.00133, 0.95867, 1 
C:/Users/ADMIN/Desktop/Thay_Lam/CCCD/imgs/truoc\ith5u9c4lg03wmx.jpg, 0.24667, 0.39333, 0.79200, 0.38800, 0.81200, 0.87733, 0.21600, 0.85200, 1 
C:/Users/ADMIN/Desktop/Thay_Lam/CCCD/imgs/truoc\iy6dgspo85nhmk1.jpeg, 0.15467, 0.37600, 0.85600, 0.38400, 0.86267, 0.72000, 0.13467, 0.71733, 1 
C:/Users/ADMIN/Desktop/Thay_Lam/CCCD/imgs/truoc\iyspv5ou7dbl8k1.jpg, 0.22133, 0.10133, 0.96267, 0.10533, 0.97600, 0.75067, 0.21733, 0.72667, 1 
C:/Users/ADMIN/Desktop/Thay_Lam/CCCD/imgs/truoc\j8d46wht3ynlxqz.jpg, 0.12533, 0.34133, 0.73467, 0.32400, 0.74800, 0.61467, 0.13467, 0.63067, 1 
C:/Users/ADMIN/Desktop/Thay_Lam/CCCD/imgs/truoc\jdiclf0762agp8u.jpg, 0.08667, 0.09200, 0.86133, 0.11067, 0.86667, 0.96933, 0.07600, 0.97333, 1 
C:/Users/ADMIN/Desktop/Thay_Lam/CCCD/imgs/truoc\jfsq8ievwnh2p31.jpeg, 0.00133, 0.07467, 0.99867, 0.07733, 0.99333, 0.93067, 0.00267, 0.90533, 1 
C:/Users/ADMIN/Desktop/Thay_Lam/CCCD/imgs/truoc\k3j645cnf0elq7t.jpeg, 0.00800, 0.03600, 0.94400, 0.00667, 0.99200, 0.94267, 0.00267, 0.98267, 1 
C:/Users/ADMIN/Desktop/Thay_Lam/CCCD/imgs/truoc\k4jwg0leih9oyau.jpeg, 0.22267, 0.21733, 0.89200, 0.21333, 0.92400, 0.77467, 0.21600, 0.80800, 1 
C:/Users/ADMIN/Desktop/Thay_Lam/CCCD/imgs/truoc\k4li7m19u3gnx6y.jpg, 0.06933, 0.07333, 0.98267, 0.12400, 0.99733, 0.87733, 0.03733, 0.88933, 1 
C:/Users/ADMIN/Desktop/Thay_Lam/CCCD/imgs/truoc\k8r7gsuadiyozfl.jpg, 0.03067, 0.35333, 0.99867, 0.37067, 0.99867, 0.98400, 0.01333, 0.98267, 1 
C:/Users/ADMIN/Desktop/Thay_Lam/CCCD/imgs/truoc\kbcow54mxl6h0zq.jpeg, 0.02267, 0.05200, 0.98267, 0.02000, 0.99067, 0.97333, 0.00000, 0.96933, 1 
C:/Users/ADMIN/Desktop/Thay_Lam/CCCD/imgs/truoc\kdy5c786arfbm1o.jpg, 0.25867, 0.35067, 0.80800, 0.34133, 0.81733, 0.60000, 0.25600, 0.60533, 1 
C:/Users/ADMIN/Desktop/Thay_Lam/CCCD/imgs/truoc\kfpt8ajnowh14dz.jpg, 0.03200, 0.24667, 0.99733, 0.24000, 0.99600, 0.72533, 0.00800, 0.75333, 1 
C:/Users/ADMIN/Desktop/Thay_Lam/CCCD/imgs/truoc\khv36gotre4xw58.jpg, 0.15067, 0.52133, 0.74400, 0.52133, 0.77333, 0.74133, 0.12000, 0.74133, 1 
C:/Users/ADMIN/Desktop/Thay_Lam/CCCD/imgs/truoc\ki3pfl2uhc5tbx7.jpg, 0.01867, 0.15867, 0.94267, 0.16533, 0.96400, 0.94800, 0.00000, 0.99467, 1 
C:/Users/ADMIN/Desktop/Thay_Lam/CCCD/imgs/truoc\ko9txpl7aec46yh.jpeg, 0.10933, 0.36667, 0.92533, 0.36133, 0.94933, 0.64267, 0.07200, 0.63867, 1 
C:/Users/ADMIN/Desktop/Thay_Lam/CCCD/imgs/truoc\kr6znjs8g520fqa.jpeg, 0.00000, 0.00267, 0.88800, 0.00400, 0.88533, 0.95600, 0.00267, 0.94800, 1 
C:/Users/ADMIN/Desktop/Thay_Lam/CCCD/imgs/truoc\krei38zslybaxf7.jpg, 0.05067, 0.19333, 0.93600, 0.19333, 0.93333, 0.93333, 0.05333, 0.92667, 1 
C:/Users/ADMIN/Desktop/Thay_Lam/CCCD/imgs/truoc\ky47ecow8mg60f5.jpg, 0.00800, 0.03733, 0.96800, 0.00400, 0.98533, 0.98400, 0.02933, 0.96933, 1 
C:/Users/ADMIN/Desktop/Thay_Lam/CCCD/imgs/truoc\kzuhwivn74ay5o6.jpeg, 0.00267, 0.00400, 0.99867, 0.00533, 0.99733, 0.99467, 0.00267, 0.99600, 1 
C:/Users/ADMIN/Desktop/Thay_Lam/CCCD/imgs/truoc\l051couxwjfsrmp.jpeg, 0.06533, 0.15200, 0.96267, 0.18133, 0.96533, 0.91467, 0.06667, 0.94667, 1 
C:/Users/ADMIN/Desktop/Thay_Lam/CCCD/imgs/truoc\l2ufmqbctjo74zr.jpg, 0.02933, 0.08000, 0.94933, 0.07067, 0.97867, 0.86000, 0.00533, 0.86533, 1 
C:/Users/ADMIN/Desktop/Thay_Lam/CCCD/imgs/truoc\l41ripkaq35vb6g.jpg, 0.03467, 0.38800, 0.94533, 0.38667, 0.95600, 0.81467, 0.04800, 0.83067, 1 
C:/Users/ADMIN/Desktop/Thay_Lam/CCCD/imgs/truoc\l6834gvi2jwqpb1.jpg, 0.02400, 0.00933, 0.98533, 0.04133, 0.97200, 0.99467, 0.01200, 0.97733, 1 
C:/Users/ADMIN/Desktop/Thay_Lam/CCCD/imgs/truoc\ldvr257pox69shc.jpg, 0.02667, 0.00400, 0.95733, 0.00133, 0.95867, 0.99600, 0.01333, 0.99867, 1 
C:/Users/ADMIN/Desktop/Thay_Lam/CCCD/imgs/truoc\lgf8ijut74hxkqy.jpg, 0.07200, 0.28133, 0.89733, 0.28533, 0.90400, 0.67733, 0.06533, 0.69067, 1 
C:/Users/ADMIN/Desktop/Thay_Lam/CCCD/imgs/truoc\lm5418fgex0y6up.jpg, 0.05200, 0.33867, 0.96267, 0.34800, 0.98267, 0.78667, 0.02267, 0.78000, 1 
C:/Users/ADMIN/Desktop/Thay_Lam/CCCD/imgs/truoc\lrpac7txez8yiq3.jpg, 0.11067, 0.09200, 0.84000, 0.07067, 0.85600, 0.89467, 0.10800, 0.91200, 1 
C:/Users/ADMIN/Desktop/Thay_Lam/CCCD/imgs/truoc\lu9h6kx1eo3rj7y.jpg, 0.07200, 0.39200, 0.93067, 0.37600, 0.93333, 0.80133, 0.05867, 0.80400, 1 
C:/Users/ADMIN/Desktop/Thay_Lam/CCCD/imgs/truoc\luoi3r5bsywn68d.jpeg, 0.00267, 0.02133, 0.98400, 0.00267, 0.99067, 0.96667, 0.02133, 0.99600, 1 
C:/Users/ADMIN/Desktop/Thay_Lam/CCCD/imgs/truoc\lv21grqxj9ueh48.jpg, 0.06533, 0.19600, 0.99467, 0.20667, 0.99067, 0.65467, 0.07467, 0.64933, 1 
C:/Users/ADMIN/Desktop/Thay_Lam/CCCD/imgs/truoc\lwkeyds3rqzh5a01.jpg, 0.00267, 0.14533, 0.99600, 0.15733, 0.95467, 0.96533, 0.00800, 0.97467, 1 
C:/Users/ADMIN/Desktop/Thay_Lam/CCCD/imgs/truoc\m1cghw4ybf59238.jpg, 0.02800, 0.42400, 0.93733, 0.42000, 0.93733, 0.74933, 0.02400, 0.74400, 1 
C:/Users/ADMIN/Desktop/Thay_Lam/CCCD/imgs/truoc\m56z2hokgjp7ns1.jpeg, 0.00267, 0.02000, 0.99867, 0.04133, 0.99733, 0.99600, 0.00267, 0.95867, 1 
C:/Users/ADMIN/Desktop/Thay_Lam/CCCD/imgs/truoc\mib930ydpwk4ju6.jpeg, 0.00267, 0.36000, 0.84267, 0.22000, 0.99733, 0.53467, 0.08800, 0.67867, 1 
C:/Users/ADMIN/Desktop/Thay_Lam/CCCD/imgs/truoc\mkjthobpxfanve9.jpeg, 0.27200, 0.32133, 0.85067, 0.30267, 0.86667, 0.79600, 0.27467, 0.80400, 1 
C:/Users/ADMIN/Desktop/Thay_Lam/CCCD/imgs/truoc\mqgrpyofnat89vd.jpeg, 0.02400, 0.11200, 0.97067, 0.13867, 0.97200, 0.90933, 0.02133, 0.92933, 1 
C:/Users/ADMIN/Desktop/Thay_Lam/CCCD/imgs/truoc\mrl25kbseji60zv.jpg, 0.00267, 0.29733, 0.90133, 0.31333, 0.92400, 0.72400, 0.00000, 0.74133, 1 
C:/Users/ADMIN/Desktop/Thay_Lam/CCCD/imgs/truoc\mrln3jxsd86a57e.jpg, 0.00133, 0.23867, 0.95200, 0.24667, 0.94667, 0.69600, 0.00267, 0.69200, 1 
C:/Users/ADMIN/Desktop/Thay_Lam/CCCD/imgs/truoc\my8hxpe0tb325fv.jpg, 0.22133, 0.27067, 0.75467, 0.25467, 0.76533, 0.70267, 0.22133, 0.72133, 1 
C:/Users/ADMIN/Desktop/Thay_Lam/CCCD/imgs/truoc\n.jpg, 0.09600, 0.24267, 0.89333, 0.26000, 0.87733, 0.88800, 0.10933, 0.90800, 1 
C:/Users/ADMIN/Desktop/Thay_Lam/CCCD/imgs/truoc\n1oy2i69cqdzkg0.jpg, 0.05333, 0.21200, 0.94400, 0.23600, 0.93333, 0.64800, 0.04267, 0.63867, 1 
C:/Users/ADMIN/Desktop/Thay_Lam/CCCD/imgs/truoc\n20rh4m9vws6azd.jpeg, 0.07867, 0.13867, 0.91867, 0.17333, 0.90667, 0.83200, 0.08800, 0.89867, 1 
C:/Users/ADMIN/Desktop/Thay_Lam/CCCD/imgs/truoc\n4ijrs8m5g1c0a7.jpeg, 0.03067, 0.34533, 0.96533, 0.33467, 0.99200, 0.77733, 0.02933, 0.79467, 1 
C:/Users/ADMIN/Desktop/Thay_Lam/CCCD/imgs/truoc\n4y69u5d73jepvg.jpeg, 0.00133, 0.09467, 0.99867, 0.12133, 0.99867, 0.96400, 0.00267, 0.97333, 1 
C:/Users/ADMIN/Desktop/Thay_Lam/CCCD/imgs/truoc\najmgle0iwk6bqy.jpg, 0.05333, 0.46267, 0.86133, 0.48000, 0.87067, 0.87600, 0.01733, 0.86267, 1 
C:/Users/ADMIN/Desktop/Thay_Lam/CCCD/imgs/truoc\naz9udvotj8r245.jpg, 0.02133, 0.00267, 0.99867, 0.02533, 0.97200, 0.98800, 0.00400, 0.95333, 1 
C:/Users/ADMIN/Desktop/Thay_Lam/CCCD/imgs/truoc\nd58gjh04smazq1.jpeg, 0.01733, 0.07333, 0.99867, 0.11200, 0.99600, 0.91867, 0.00267, 0.94667, 1 
C:/Users/ADMIN/Desktop/Thay_Lam/CCCD/imgs/truoc\nkf3tzgqy0o2ahc.jpeg, 0.09200, 0.23200, 0.83867, 0.22267, 0.85200, 0.85867, 0.08000, 0.86667, 1 
C:/Users/ADMIN/Desktop/Thay_Lam/CCCD/imgs/truoc\no9wa6xsc8riyt3.jpg, 0.12133, 0.25867, 0.85733, 0.26533, 0.85067, 0.87867, 0.11467, 0.88400, 1 
C:/Users/ADMIN/Desktop/Thay_Lam/CCCD/imgs/truoc\npljeov034wmyfh.jpeg, 0.04267, 0.18133, 0.87733, 0.10000, 0.91067, 0.88400, 0.05867, 0.88133, 1 
C:/Users/ADMIN/Desktop/Thay_Lam/CCCD/imgs/truoc\npljeov034wmyfh.jpg, 0.02400, 0.36667, 0.91467, 0.37067, 0.93067, 0.79067, 0.01600, 0.79733, 1 
C:/Users/ADMIN/Desktop/Thay_Lam/CCCD/imgs/truoc\nv62pmwfust91j3.jpeg, 0.08400, 0.28667, 0.84533, 0.24667, 0.86933, 0.61200, 0.13067, 0.66133, 1 
C:/Users/ADMIN/Desktop/Thay_Lam/CCCD/imgs/truoc\oehibguxtz9f153.jpeg, 0.02667, 0.28933, 0.88400, 0.27067, 0.90933, 0.67600, 0.04000, 0.70267, 1 
C:/Users/ADMIN/Desktop/Thay_Lam/CCCD/imgs/truoc\ohrc5j60dmtbwis.jpg, 0.10933, 0.22933, 0.84667, 0.23067, 0.84400, 0.57733, 0.10933, 0.57600, 1 
C:/Users/ADMIN/Desktop/Thay_Lam/CCCD/imgs/truoc\olp87k9jbdg1syr.jpg, 0.03067, 0.18133, 0.97733, 0.20133, 0.98267, 0.64933, 0.02667, 0.65600, 1 
C:/Users/ADMIN/Desktop/Thay_Lam/CCCD/imgs/truoc\or2695lib1ktdvq.jpeg, 0.07600, 0.47333, 0.89333, 0.45067, 0.95733, 0.88267, 0.02533, 0.88400, 1 
C:/Users/ADMIN/Desktop/Thay_Lam/CCCD/imgs/truoc\orm4g1tvezcpjub.jpeg, 0.16533, 0.37200, 0.84667, 0.35600, 0.86667, 0.70000, 0.14267, 0.70933, 1 
C:/Users/ADMIN/Desktop/Thay_Lam/CCCD/imgs/truoc\oski976fgrdp0be.jpg, 0.04800, 0.02133, 0.97333, 0.07733, 0.99733, 0.97067, 0.00267, 0.96400, 1 
C:/Users/ADMIN/Desktop/Thay_Lam/CCCD/imgs/truoc\ot1vg7eu8xh0m9y.jpeg, 0.10267, 0.22267, 0.88933, 0.24933, 0.87333, 0.90133, 0.08800, 0.88400, 1 
C:/Users/ADMIN/Desktop/Thay_Lam/CCCD/imgs/truoc\otz5nkf209cwa7d.jpg, 0.04667, 0.32667, 0.96667, 0.31067, 0.99600, 0.77733, 0.02000, 0.77333, 1 
C:/Users/ADMIN/Desktop/Thay_Lam/CCCD/imgs/truoc\ovwhbcnfxql09k5.jpg, 0.05333, 0.28000, 0.87733, 0.27733, 0.87200, 0.67067, 0.07200, 0.66400, 1 
C:/Users/ADMIN/Desktop/Thay_Lam/CCCD/imgs/truoc\ox1ufw7g4z02ql9.jpg, 0.00267, 0.01467, 0.99867, 0.03867, 0.99600, 0.92400, 0.00267, 0.94667, 1 
C:/Users/ADMIN/Desktop/Thay_Lam/CCCD/imgs/truoc\p2zgjhvl1roqcyx.png, 0.11733, 0.09333, 0.90800, 0.09467, 0.92533, 0.99600, 0.09200, 0.99733, 1 
C:/Users/ADMIN/Desktop/Thay_Lam/CCCD/imgs/truoc\p3djq87wgfio4uv.jpg, 0.05600, 0.16400, 0.87467, 0.17067, 0.90800, 0.86933, 0.03333, 0.88933, 1 
C:/Users/ADMIN/Desktop/Thay_Lam/CCCD/imgs/truoc\p4y2x6805tz9gkv.jpeg, 0.06667, 0.42267, 0.82133, 0.42400, 0.84533, 0.79867, 0.05600, 0.81200, 1 
C:/Users/ADMIN/Desktop/Thay_Lam/CCCD/imgs/truoc\p8rsu059itnl76k.jpeg, 0.05600, 0.53067, 0.84667, 0.54133, 0.86000, 0.93467, 0.04000, 0.92800, 1 
C:/Users/ADMIN/Desktop/Thay_Lam/CCCD/imgs/truoc\pe0tsu4a89mb63d.jpg, 0.02267, 0.42133, 0.94933, 0.45600, 0.89333, 0.86267, 0.02400, 0.83067, 1 
C:/Users/ADMIN/Desktop/Thay_Lam/CCCD/imgs/truoc\ph49cvle63jxioy.jpg, 0.06667, 0.03733, 0.84533, 0.06267, 0.86133, 0.94933, 0.02533, 0.93600, 1 
C:/Users/ADMIN/Desktop/Thay_Lam/CCCD/imgs/truoc\pioqkmr23ht5acw.jpg, 0.04933, 0.05067, 0.97600, 0.05067, 0.96667, 0.95600, 0.05067, 0.92400, 1 
C:/Users/ADMIN/Desktop/Thay_Lam/CCCD/imgs/truoc\piqacld1mzoew43.jpeg, 0.13600, 0.28133, 0.86133, 0.28000, 0.88667, 0.91067, 0.10667, 0.90800, 1 
C:/Users/ADMIN/Desktop/Thay_Lam/CCCD/imgs/truoc\pitwb0nd3jzsuxq.jpg, 0.05067, 0.23467, 0.93600, 0.24933, 0.92000, 0.80800, 0.04267, 0.78267, 1 
C:/Users/ADMIN/Desktop/Thay_Lam/CCCD/imgs/truoc\pkf5tgo9ya3izum.jpeg, 0.08267, 0.41200, 0.81333, 0.40533, 0.82533, 0.75600, 0.08667, 0.75467, 1 
C:/Users/ADMIN/Desktop/Thay_Lam/CCCD/imgs/truoc\pntlisfg20e3d9y.jpeg, 0.01733, 0.25467, 0.93600, 0.22133, 0.99867, 0.64667, 0.04267, 0.70800, 1 
C:/Users/ADMIN/Desktop/Thay_Lam/CCCD/imgs/truoc\pqy1x3bunfk9od6.jpeg, 0.08800, 0.38267, 0.91333, 0.37067, 0.95600, 0.77467, 0.07867, 0.79867, 1 
C:/Users/ADMIN/Desktop/Thay_Lam/CCCD/imgs/truoc\pxaln49cwevgirz.jpg, 0.07467, 0.10667, 0.94267, 0.10133, 0.96267, 0.85600, 0.04400, 0.86533, 1 
C:/Users/ADMIN/Desktop/Thay_Lam/CCCD/imgs/truoc\pzseawu1flo9qvn.jpg, 0.02533, 0.02000, 0.96267, 0.04667, 0.96267, 0.80267, 0.02533, 0.84000, 1 
C:/Users/ADMIN/Desktop/Thay_Lam/CCCD/imgs/truoc\q149xncjysmt7ha.jpg, 0.04400, 0.31333, 0.96267, 0.31200, 0.96000, 0.73867, 0.04533, 0.74267, 1 
C:/Users/ADMIN/Desktop/Thay_Lam/CCCD/imgs/truoc\qi0we92utcj4a6o.jpeg, 0.02000, 0.28267, 0.92933, 0.26800, 0.95333, 0.70400, 0.02133, 0.72133, 1 
C:/Users/ADMIN/Desktop/Thay_Lam/CCCD/imgs/truoc\qjt54bp967crify.jpg, 0.21067, 0.15067, 0.92667, 0.14800, 0.91600, 0.77733, 0.18933, 0.75200, 1 
C:/Users/ADMIN/Desktop/Thay_Lam/CCCD/imgs/truoc\qrawv45cjosl6g1.jpeg, 0.14933, 0.19333, 0.85067, 0.18400, 0.87067, 0.79600, 0.12667, 0.79333, 1 
C:/Users/ADMIN/Desktop/Thay_Lam/CCCD/imgs/truoc\qxigcpmlun095wo.jpg, 0.26400, 0.34667, 0.81600, 0.36267, 0.82267, 0.82933, 0.25200, 0.82533, 1 
C:/Users/ADMIN/Desktop/Thay_Lam/CCCD/imgs/truoc\qygszn79xrdj40t.jpeg, 0.00000, 0.25467, 0.99733, 0.29733, 0.99867, 0.77067, 0.00267, 0.79733, 1 
C:/Users/ADMIN/Desktop/Thay_Lam/CCCD/imgs/truoc\qystdoui8k6l4gc.jpeg, 0.12667, 0.10267, 0.99467, 0.11600, 0.98533, 0.86667, 0.12933, 0.83200, 1 
C:/Users/ADMIN/Desktop/Thay_Lam/CCCD/imgs/truoc\qzreg83ajdiywlf.jpg, 0.07333, 0.30800, 0.98133, 0.35067, 0.94933, 0.76667, 0.05467, 0.74933, 1 
C:/Users/ADMIN/Desktop/Thay_Lam/CCCD/imgs/truoc\qzydehbv72ofxns.jpg, 0.00133, 0.32933, 0.98933, 0.34133, 0.98267, 0.81467, 0.00000, 0.80933, 1 
C:/Users/ADMIN/Desktop/Thay_Lam/CCCD/imgs/truoc\r0clpquxjfbz78w.jpg, 0.02267, 0.27333, 0.97333, 0.27467, 0.96533, 0.73067, 0.01333, 0.71467, 1 
C:/Users/ADMIN/Desktop/Thay_Lam/CCCD/imgs/truoc\rd1avmpfqxeuwng.jpg, 0.15733, 0.43067, 0.85467, 0.41867, 0.86667, 0.75067, 0.17333, 0.75467, 1 
C:/Users/ADMIN/Desktop/Thay_Lam/CCCD/imgs/truoc\rfpcv93lbqnjoam.jpg, 0.01467, 0.35733, 0.93467, 0.33733, 0.96667, 0.77333, 0.02400, 0.80133, 1 
C:/Users/ADMIN/Desktop/Thay_Lam/CCCD/imgs/truoc\rhbdqxgjmu2y054.jpg, 0.15467, 0.14400, 0.83467, 0.12267, 0.86400, 0.90133, 0.14533, 0.91733, 1 
C:/Users/ADMIN/Desktop/Thay_Lam/CCCD/imgs/truoc\rli4qagsy1n9f0b.jpeg, 0.05733, 0.24400, 0.83600, 0.20933, 0.90133, 0.59600, 0.00267, 0.62000, 1 
C:/Users/ADMIN/Desktop/Thay_Lam/CCCD/imgs/truoc\rnqyca83ui2t10p.jpeg, 0.00267, 0.30800, 0.98533, 0.28133, 0.99867, 0.76933, 0.00267, 0.78800, 1 
C:/Users/ADMIN/Desktop/Thay_Lam/CCCD/imgs/truoc\rvmeis6zkdgfqwp.jpeg, 0.07600, 0.40533, 0.84133, 0.40133, 0.85067, 0.76800, 0.07467, 0.77333, 1 
C:/Users/ADMIN/Desktop/Thay_Lam/CCCD/imgs/truoc\rykc901g3fhtjpd.jpg, 0.06267, 0.35733, 0.90933, 0.37200, 0.90667, 0.76400, 0.05867, 0.77200, 1 
C:/Users/ADMIN/Desktop/Thay_Lam/CCCD/imgs/truoc\s428gxfurojb1d3.jpg, 0.04933, 0.25333, 0.88267, 0.25733, 0.88400, 0.64933, 0.05467, 0.65200, 1 
C:/Users/ADMIN/Desktop/Thay_Lam/CCCD/imgs/truoc\s54reoayzlnjqht.jpg, 0.14800, 0.04133, 0.86133, 0.01467, 0.88267, 0.95200, 0.12533, 0.93867, 1 
C:/Users/ADMIN/Desktop/Thay_Lam/CCCD/imgs/truoc\s5a74x2dgth3wnl.jpg, 0.15333, 0.30000, 0.77467, 0.30933, 0.78933, 0.82400, 0.14800, 0.84667, 1 
C:/Users/ADMIN/Desktop/Thay_Lam/CCCD/imgs/truoc\s6vdtkrxh4e1ygc.jpg, 0.05600, 0.22933, 0.80133, 0.21067, 0.81867, 0.57467, 0.04400, 0.57733, 1 
C:/Users/ADMIN/Desktop/Thay_Lam/CCCD/imgs/truoc\Screenshot from 2023-07-07 23-39-46.png, 0.04267, 0.06533, 0.93600, 0.07867, 0.94400, 0.94400, 0.02000, 0.94000, 1 
C:/Users/ADMIN/Desktop/Thay_Lam/CCCD/imgs/truoc\Screenshot from 2023-07-07 23-41-12.png, 0.03467, 0.06933, 0.96533, 0.06800, 0.96533, 0.95867, 0.03600, 0.96533, 1 
C:/Users/ADMIN/Desktop/Thay_Lam/CCCD/imgs/truoc\Screenshot from 2023-07-07 23-43-12.png, 0.04000, 0.05867, 0.96667, 0.07733, 0.97333, 0.86667, 0.04533, 0.89467, 1 
C:/Users/ADMIN/Desktop/Thay_Lam/CCCD/imgs/truoc\sfbi0kghpo91m7u.jpg, 0.11467, 0.33467, 0.76133, 0.32933, 0.77867, 0.65333, 0.09333, 0.65333, 1 
C:/Users/ADMIN/Desktop/Thay_Lam/CCCD/imgs/truoc\sgi73o8mvknyzbc.jpg, 0.06133, 0.12667, 0.90933, 0.14133, 0.91733, 0.85733, 0.05333, 0.85733, 1 
C:/Users/ADMIN/Desktop/Thay_Lam/CCCD/imgs/truoc\smuw763izpgenfd.jpg, 0.02133, 0.38667, 0.97733, 0.39600, 0.94133, 0.81067, 0.03467, 0.82133, 1 
C:/Users/ADMIN/Desktop/Thay_Lam/CCCD/imgs/truoc\snw1oa6m9z3iqbu.jpg, 0.11067, 0.18000, 0.94000, 0.18667, 0.98133, 0.88400, 0.09867, 0.90267, 1 
C:/Users/ADMIN/Desktop/Thay_Lam/CCCD/imgs/truoc\stum0jzroq7v352.jpg, 0.02933, 0.44133, 0.76933, 0.43333, 0.78267, 0.77467, 0.04933, 0.79600, 1 
C:/Users/ADMIN/Desktop/Thay_Lam/CCCD/imgs/truoc\sx41wrvpqhe3ynz.jpg, 0.10400, 0.57467, 0.83200, 0.56933, 0.85200, 0.84667, 0.09600, 0.84667, 1 
C:/Users/ADMIN/Desktop/Thay_Lam/CCCD/imgs/truoc\sza8epj5ifhoygt.jpg, 0.34400, 0.24000, 0.91200, 0.24267, 0.92000, 0.71867, 0.34533, 0.72800, 1 
C:/Users/ADMIN/Desktop/Thay_Lam/CCCD/imgs/truoc\ta6j5ngvslb3dwz.jpg, 0.05467, 0.45733, 0.92400, 0.44800, 0.93333, 0.87467, 0.05600, 0.87600, 1 
C:/Users/ADMIN/Desktop/Thay_Lam/CCCD/imgs/truoc\tcipey8xhg4bzol.jpg, 0.03200, 0.00000, 0.98933, 0.06000, 0.99600, 0.96267, 0.00267, 0.96533, 1 
C:/Users/ADMIN/Desktop/Thay_Lam/CCCD/imgs/truoc\tf3sb7hkp50drmj.jpg, 0.00000, 0.07333, 0.99733, 0.04667, 0.99733, 0.95333, 0.00267, 0.94267, 1 
C:/Users/ADMIN/Desktop/Thay_Lam/CCCD/imgs/truoc\tr9vhx5nskj4ul3.jpg, 0.01867, 0.32267, 0.92533, 0.30133, 0.95200, 0.74400, 0.01867, 0.75467, 1 
C:/Users/ADMIN/Desktop/Thay_Lam/CCCD/imgs/truoc\twnuklz4ycg6dm1.jpg, 0.08133, 0.45067, 0.88000, 0.44667, 0.90533, 0.74133, 0.06533, 0.74533, 1 
C:/Users/ADMIN/Desktop/Thay_Lam/CCCD/imgs/truoc\tziru8c514v3akd.jpg, 0.03867, 0.50800, 0.88800, 0.51867, 0.89867, 0.93733, 0.01333, 0.92133, 1 
C:/Users/ADMIN/Desktop/Thay_Lam/CCCD/imgs/truoc\u694qgfapib8hr7.jpeg, 0.06933, 0.34133, 0.91600, 0.32933, 0.94533, 0.75200, 0.05600, 0.76533, 1 
C:/Users/ADMIN/Desktop/Thay_Lam/CCCD/imgs/truoc\u9abdf4pv7rs5zc.jpeg, 0.06133, 0.20000, 0.95067, 0.23733, 0.97067, 0.80267, 0.02267, 0.79067, 1 
C:/Users/ADMIN/Desktop/Thay_Lam/CCCD/imgs/truoc\ubcz1nke4h78ox3.jpg, 0.01600, 0.30133, 0.97733, 0.26533, 0.98933, 0.75067, 0.04133, 0.75067, 1 
C:/Users/ADMIN/Desktop/Thay_Lam/CCCD/imgs/truoc\ufzkrc37diea69v.jpg, 0.02000, 0.00400, 0.97067, 0.05067, 0.98400, 0.96667, 0.00267, 0.98533, 1 
C:/Users/ADMIN/Desktop/Thay_Lam/CCCD/imgs/truoc\ujmxkhefr86gl3c.jpg, 0.02933, 0.41467, 0.99733, 0.38267, 0.99600, 0.86133, 0.05600, 0.87333, 1 
C:/Users/ADMIN/Desktop/Thay_Lam/CCCD/imgs/truoc\ultrfhp648j53nb.jpg, 0.03600, 0.13067, 0.95467, 0.07200, 0.98933, 0.88133, 0.02400, 0.89467, 1 
C:/Users/ADMIN/Desktop/Thay_Lam/CCCD/imgs/truoc\umnt9z1iblxwvdg.jpg, 0.01600, 0.00933, 0.98933, 0.00133, 0.99733, 0.97200, 0.01867, 0.94533, 1 
C:/Users/ADMIN/Desktop/Thay_Lam/CCCD/imgs/truoc\uranlz240j3bods.jpg, 0.01733, 0.04133, 0.95200, 0.03867, 0.99200, 0.94800, 0.00000, 0.99467, 1 
C:/Users/ADMIN/Desktop/Thay_Lam/CCCD/imgs/truoc\v06h9ze1gfwbnjr.jpg, 0.06800, 0.38267, 0.78133, 0.38267, 0.81333, 0.74000, 0.03467, 0.74667, 1 
C:/Users/ADMIN/Desktop/Thay_Lam/CCCD/imgs/truoc\v3o7ug94fwxbycp.jpg, 0.06400, 0.19333, 0.98400, 0.19467, 0.95733, 0.48533, 0.07200, 0.48400, 1 
C:/Users/ADMIN/Desktop/Thay_Lam/CCCD/imgs/truoc\vbl3ed1s970zacu.jpg, 0.06267, 0.34267, 0.88133, 0.36667, 0.86933, 0.76133, 0.03200, 0.75200, 1 
C:/Users/ADMIN/Desktop/Thay_Lam/CCCD/imgs/truoc\vg97p1x5ma8b3nw.jpg, 0.09333, 0.06133, 0.83467, 0.10533, 0.85600, 0.93867, 0.07200, 0.95600, 1 
C:/Users/ADMIN/Desktop/Thay_Lam/CCCD/imgs/truoc\vj4udzgqn37eh5r.jpeg, 0.05867, 0.35200, 0.94667, 0.35200, 0.93733, 0.76667, 0.06400, 0.76267, 1 
C:/Users/ADMIN/Desktop/Thay_Lam/CCCD/imgs/truoc\vjx1zwp7d54cq2u.png, 0.00133, 0.35867, 0.95067, 0.36000, 0.97467, 0.70267, 0.00000, 0.70267, 1 
C:/Users/ADMIN/Desktop/Thay_Lam/CCCD/imgs/truoc\vmbknoc1he02g3d.jpg, 0.17333, 0.35067, 0.76933, 0.36400, 0.77067, 0.64933, 0.14267, 0.63467, 1 
C:/Users/ADMIN/Desktop/Thay_Lam/CCCD/imgs/truoc\vnp5kajd6lbzgxw.jpg, 0.11067, 0.16933, 0.88667, 0.17733, 0.91733, 0.88933, 0.06000, 0.87467, 1 
C:/Users/ADMIN/Desktop/Thay_Lam/CCCD/imgs/truoc\vqy9cf6kn5u0t8i.jpg, 0.07467, 0.49333, 0.90400, 0.48267, 0.92267, 0.88400, 0.06667, 0.89467, 1 
C:/Users/ADMIN/Desktop/Thay_Lam/CCCD/imgs/truoc\vr8mhuas9pcengo.jpg, 0.08133, 0.45467, 0.92800, 0.44667, 0.95067, 0.86800, 0.05200, 0.87333, 1 
C:/Users/ADMIN/Desktop/Thay_Lam/CCCD/imgs/truoc\vsn8rt360z9byai.jpeg, 0.02267, 0.12267, 0.96267, 0.15867, 0.96800, 0.90533, 0.02400, 0.96933, 1 
C:/Users/ADMIN/Desktop/Thay_Lam/CCCD/imgs/truoc\vwc034l8a6txzne.jpg, 0.07600, 0.12133, 0.96800, 0.16133, 0.97600, 0.91333, 0.03467, 0.90933, 1 
C:/Users/ADMIN/Desktop/Thay_Lam/CCCD/imgs/truoc\w1rp6ac83ex7lgt.jpeg, 0.03600, 0.10133, 0.96800, 0.13200, 0.98800, 0.91333, 0.01333, 0.91600, 1 
C:/Users/ADMIN/Desktop/Thay_Lam/CCCD/imgs/truoc\w4cxiz0uvh7pgbe.jpeg, 0.01867, 0.14267, 0.95200, 0.11600, 0.97333, 0.90800, 0.01733, 0.94000, 1 
C:/Users/ADMIN/Desktop/Thay_Lam/CCCD/imgs/truoc\w6bdpaunmqxv47o.jpg, 0.08000, 0.28933, 0.89733, 0.31333, 0.90133, 0.69733, 0.05200, 0.68800, 1 
C:/Users/ADMIN/Desktop/Thay_Lam/CCCD/imgs/truoc\w7dpvqc8stjboia.jpg, 0.17867, 0.51067, 0.58800, 0.50400, 0.59200, 0.70800, 0.17067, 0.70800, 1 
C:/Users/ADMIN/Desktop/Thay_Lam/CCCD/imgs/truoc\wcqdjv6x1n7gr48.jpg, 0.09333, 0.24000, 0.96267, 0.26000, 0.97600, 0.97733, 0.08400, 0.99867, 1 
C:/Users/ADMIN/Desktop/Thay_Lam/CCCD/imgs/truoc\wg2v6943o7ic5lh.jpg, 0.04133, 0.32000, 0.94133, 0.31733, 0.94800, 0.74533, 0.03467, 0.75067, 1 
C:/Users/ADMIN/Desktop/Thay_Lam/CCCD/imgs/truoc\wko0licfad6er15.jpg, 0.04667, 0.26667, 0.93600, 0.27467, 0.94667, 0.70667, 0.02933, 0.69600, 1 
C:/Users/ADMIN/Desktop/Thay_Lam/CCCD/imgs/truoc\wlduc23ks5inm0p.jpg, 0.04933, 0.23333, 0.98667, 0.25467, 0.99733, 0.70133, 0.01333, 0.68400, 1 
C:/Users/ADMIN/Desktop/Thay_Lam/CCCD/imgs/truoc\wtrugd703sp8nvo.jpg, 0.02400, 0.39333, 0.91333, 0.37467, 0.95200, 0.80400, 0.01467, 0.82667, 1 
C:/Users/ADMIN/Desktop/Thay_Lam/CCCD/imgs/truoc\x01f76dbu8gtqz9.jpg, 0.10800, 0.25867, 0.85200, 0.25067, 0.87200, 0.87600, 0.10400, 0.89467, 1 
C:/Users/ADMIN/Desktop/Thay_Lam/CCCD/imgs/truoc\xbcpu6f2ne04l1r.jpeg, 0.09867, 0.15333, 0.86933, 0.16000, 0.87067, 0.80800, 0.09467, 0.82533, 1 
C:/Users/ADMIN/Desktop/Thay_Lam/CCCD/imgs/truoc\xfidqm3y5k6szae.jpg, 0.03200, 0.14667, 0.89067, 0.15867, 0.89333, 0.87200, 0.03067, 0.88133, 1 
C:/Users/ADMIN/Desktop/Thay_Lam/CCCD/imgs/truoc\xia9zeurnt27p18.jpg, 0.02400, 0.03200, 0.97200, 0.03067, 0.97467, 0.95867, 0.02400, 0.96800, 1 
C:/Users/ADMIN/Desktop/Thay_Lam/CCCD/imgs/truoc\xl2udr0bfikhmc8.jpg, 0.02133, 0.08533, 0.95333, 0.10800, 0.96133, 0.88533, 0.00800, 0.88800, 1 
C:/Users/ADMIN/Desktop/Thay_Lam/CCCD/imgs/truoc\xm2a7uq9tdprs8c.jpg, 0.04133, 0.47600, 0.83867, 0.46133, 0.85333, 0.82667, 0.05467, 0.86000, 1 
C:/Users/ADMIN/Desktop/Thay_Lam/CCCD/imgs/truoc\xmat93g5ir4e6lc.jpg, 0.14133, 0.22667, 0.82267, 0.28133, 0.84267, 0.85467, 0.09733, 0.87867, 1 
C:/Users/ADMIN/Desktop/Thay_Lam/CCCD/imgs/truoc\xvutnyic7lgwojf.jpeg, 0.18400, 0.47600, 0.81600, 0.47200, 0.82800, 0.77467, 0.17867, 0.78133, 1 
C:/Users/ADMIN/Desktop/Thay_Lam/CCCD/imgs/truoc\xw53a9hgp6cil2d.jpg, 0.07733, 0.49867, 0.85467, 0.50000, 0.85600, 0.86933, 0.08267, 0.85200, 1 
C:/Users/ADMIN/Desktop/Thay_Lam/CCCD/imgs/truoc\xzqv5i6f8an7y1u.jpg, 0.01333, 0.32400, 0.93600, 0.30267, 0.97333, 0.75467, 0.00267, 0.76267, 1 
C:/Users/ADMIN/Desktop/Thay_Lam/CCCD/imgs/truoc\y84rzpvn2f9uxho.jpg, 0.02400, 0.03600, 0.99867, 0.05733, 0.99733, 0.89467, 0.00400, 0.90267, 1 
C:/Users/ADMIN/Desktop/Thay_Lam/CCCD/imgs/truoc\yd4zuqvs01xjom3.jpeg, 0.00267, 0.13200, 0.96800, 0.13733, 0.97600, 0.94800, 0.00000, 0.95467, 1 
C:/Users/ADMIN/Desktop/Thay_Lam/CCCD/imgs/truoc\ydg4lwmcpbs37x6.jpg, 0.25467, 0.39200, 0.71733, 0.39600, 0.73733, 0.62400, 0.24267, 0.62667, 1 
